{
  "bot_states": [
    {
      "ID": 0,
      "direction": 5.7269688373804088,
      "state": {},
      "x_position": -20.900863330484285,
      "y_position": 7.4895537075976648
    },
    {
      "ID": 1,
      "direction": -132.14180267595034,
      "state": {},
      "x_position": 36.053018924909047,
      "y_position": 25.928440210936703
    }
  ],
  "ticks": 7292
}